철학은 어떻게 삶의 무기가 되는가, "야마구치 슈 저/김윤경 역", 14400원
공부머리 독서법, "최승필 저", 14850원
[예약판매] 여행의 이유, "김영하 저", 12150원
설민석의 세계사 대모험 1, "설민석,잼스토리 글/박성일 그림", 10800원
2019 제10회 젊은작가상 수상작품집, "김희선,백수린,이주란,박상영,정영수 공저 외 2명", 4950원
내가 확실히 아는 것들, "오프라 윈프리 저/송연수 역", 12420원
아주 작은 습관의 힘, "제임스 클리어 저/이한이 역", 14400원
2019 선재국어 나침판 실전 모의고사 vol. 2, "이선재,선재국어연구소 편저", 18000원
[예약판매] 총몽 완전판 1~2 세트, "키시로 유키토 글그림/주원일 역", 27000원
말센스, "셀레스트 헤들리 저/김성환 역", 13050원
연필로 쓰기, "김훈 저", 13950원
아이를 위한 하루 한 줄 인문학, "김종원 저", 13050원
설민석의 한국사 대모험 9, "설민석,스토리박스 글/정현희 그림/태건 역사 연구소 감수", 9450원
이제껏 너를 친구라고 생각했는데, "성유미 저", 13500원
고요할수록 밝아지는 것들, "혜민 저", 13500원
인어가 잠든 집, "히가시노 게이고 저/김난주 역", 16020원
당신이 옳다, "정혜신 저", 14220원
나는 나로 살기로 했다, "김수현 저", 12420원
12가지 인생의 법칙, "조던 B. 피터슨 저", 15120원
팩트풀니스, "한스 로슬링,올라 로슬링,안나 로슬링 뢴룬드 공저/이창신 역", 17820원
2019 이동기 영어 기적의 특강, "이동기 편저/이동기 영어교육연구소 감수", 11700원
꽃을 보듯 너를 본다, "나태주 저", 9000원
앞으로 5년 한국의 미래 시나리오, "최윤식,최현식 저", 22500원
2019 해커스 GSAT 삼성직무적성검사 실전모의고사, "해커스 취업교육연구소 저", 18810원
일 잘하는 사람은 단순하게 합니다, "박소연 저", 13500원
2019 고종훈 한국사 동형모의고사 시즌 2, "고종훈 저", 10800원
나는 개다, "백희나 글그림", 11700원
Go Go 카카오프렌즈 7, "김미영 글/김정한 그림", 10800원
에어프라이어 만능 레시피북, "강지현 저", 10800원
젊은작가상 수상작품집 10주년 특별판, "김애란,편혜영,이장욱,황정은,손보미 공저 외 2명", 6930원
곰돌이 푸, 행복한 일은 매일 있어 (한정판 벚꽃 에디션), "곰돌이 푸 원작", 10800원
90년생이 온다, "임홍택 저", 12600원
2019 이동기 영어 실전동형 모의고사 vol.2, "이동기 편저/이동기 영어교육연구소 감수", 13500원
아이의 떼 거부 고집을 다루다, "정유진 글그림", 14220원
만복이네 떡집, "김리리 글/이승현 그림", 7650원
수미네 반찬 2 (우드 트레이 세트), "김수미,최현석,여경래,미카엘 아쉬미노프,장동민 저", 17100원
2019 위포트 GSAT 삼성직무적성검사 실전 모의고사, "위포트 연구소 저", 15120원
보이거나 안 보이거나, "요시타케 신스케 글그림/고향옥 역/이토 아사 감수", 10800원
좋은지 나쁜지 누가 아는가, "류시화 저", 13500원
설민석의 한국사 대모험 1, "설민석 글", 8820원
