철학은 어떻게 삶의 무기가 되는가,야마구치 슈,14400원
고요할수록 밝아지는 것들,혜민 스님,13500원
아주 작은 습관의 힘,제임스 클리어,14400원
나는 나로 살기로 했다(100쇄 기념 스페셜 에디션)(양장본 HardCover),김수현,12420원
인어가 잠든 집,히가시노 게이고,16020원
곰돌이 푸, 행복한 일은 매일 있어(한정판 벚꽃 에디션)(양장본 HardCover),곰돌이 푸 (원작),10800원
팩트풀니스(양장본 HardCover),한스 로슬링,17820원
하마터면 열심히 살 뻔했다(한정판 벚꽃 에디션),하완,13500원
연필로 쓰기,김훈,13950원
제10회 젊은작가상 수상작품집(2019),박상영,4950원
꽃을 보듯 너를 본다(30만부 기념 스페셜 에디션)(J.H CLASSIC 2)(양장본 HardCover),나태주,9000원
말센스,셀레스트 헤들리,13050원
공부머리 독서법,최승필,14850원
일 잘하는 사람은 단순하게 합니다,박소연,13500원
언어의 온도(100쇄 기념 에디션),이기주,12420원
앞으로 5년 한국의 미래 시나리오(양장본 HardCover),최윤식,22500원
90년생이 온다,임홍택,12600원
내가 확실히 아는 것들(양장본 HardCover),오프라 윈프리,12420원
라이언, 내 곁에 있어줘,전승환,13770원
설민석의 세계사 대모험. 1,설민석,10800원
